landmark_1,landmark_2,landmark_3,landmark_4,landmark_5,landmark_6,landmark_7,landmark_8,landmark_9,landmark_10,landmark_11,landmark_12,landmark_13,landmark_14,landmark_15,landmark_16,landmark_17,landmark_18,landmark_19,landmark_20,landmark_21,landmark_22,landmark_23,landmark_24,landmark_25,landmark_26,landmark_27,landmark_28,landmark_29,landmark_30,landmark_31,landmark_32,landmark_33,landmark_34,landmark_35,landmark_36,landmark_37,landmark_38,landmark_39,landmark_40,landmark_41,landmark_42,landmark_43,landmark_44,landmark_45,landmark_46,landmark_47,landmark_48,landmark_49,landmark_50,landmark_51,landmark_52,landmark_53,landmark_54,landmark_55,landmark_56,landmark_57,landmark_58,landmark_59,landmark_60,landmark_61,landmark_62,landmark_63,landmark_64,landmark_65,landmark_66,landmark_67,landmark_68,file,label
"(19, 75)","(16, 101)","(17, 126)","(19, 150)","(26, 174)","(40, 193)","(59, 207)","(82, 218)","(106, 221)","(129, 220)","(149, 211)","(168, 199)","(182, 183)","(192, 164)","(200, 145)","(207, 126)","(210, 105)","(40, 60)","(59, 51)","(80, 52)","(101, 58)","(120, 67)","(151, 70)","(169, 67)","(186, 66)","(202, 69)","(211, 80)","(134, 86)","(133, 100)","(132, 114)","(132, 128)","(107, 141)","(116, 143)","(125, 146)","(134, 145)","(142, 144)","(59, 82)","(72, 75)","(87, 77)","(99, 89)","(85, 91)","(69, 89)","(156, 95)","(168, 86)","(183, 88)","(193, 97)","(182, 102)","(168, 100)","(81, 173)","(98, 164)","(114, 159)","(122, 162)","(130, 160)","(140, 168)","(147, 179)","(137, 185)","(126, 187)","(118, 187)","(108, 186)","(95, 182)","(88, 173)","(112, 170)","(121, 172)","(129, 172)","(141, 178)","(128, 172)","(120, 172)","(111, 171)",driqhfkm_5.png,disgust
"(19, 93)","(17, 114)","(19, 133)","(23, 152)","(29, 171)","(40, 188)","(54, 201)","(70, 212)","(91, 217)","(113, 217)","(136, 210)","(158, 199)","(176, 184)","(189, 164)","(197, 142)","(202, 119)","(205, 94)","(18, 80)","(31, 71)","(49, 72)","(67, 77)","(84, 83)","(104, 84)","(125, 79)","(146, 77)","(167, 78)","(184, 88)","(93, 99)","(90, 112)","(88, 125)","(85, 139)","(68, 149)","(77, 152)","(87, 154)","(98, 153)","(109, 152)","(34, 95)","(46, 91)","(59, 91)","(70, 101)","(58, 101)","(45, 100)","(124, 103)","(137, 96)","(151, 96)","(163, 101)","(151, 106)","(137, 105)","(55, 173)","(66, 167)","(77, 163)","(86, 166)","(96, 164)","(111, 170)","(127, 178)","(111, 186)","(97, 189)","(86, 189)","(77, 187)","(66, 182)","(60, 173)","(77, 173)","(87, 175)","(97, 175)","(121, 178)","(97, 174)","(87, 174)","(77, 172)",trnixglx_5.png,disgust
"(15, 105)","(15, 122)","(18, 138)","(26, 155)","(36, 172)","(48, 187)","(62, 201)","(78, 212)","(98, 215)","(121, 211)","(144, 202)","(167, 190)","(185, 174)","(196, 151)","(198, 127)","(198, 103)","(196, 78)","(6, 79)","(13, 71)","(25, 68)","(40, 68)","(54, 72)","(75, 65)","(95, 56)","(118, 51)","(141, 53)","(160, 62)","(67, 85)","(66, 97)","(64, 109)","(62, 122)","(56, 137)","(64, 139)","(72, 139)","(82, 137)","(92, 135)","(22, 95)","(30, 88)","(42, 87)","(54, 93)","(43, 96)","(31, 98)","(103, 86)","(115, 76)","(129, 74)","(143, 79)","(132, 84)","(117, 86)","(55, 168)","(58, 158)","(66, 151)","(73, 153)","(82, 150)","(99, 156)","(120, 164)","(104, 173)","(90, 177)","(80, 179)","(72, 178)","(63, 175)","(60, 167)","(69, 162)","(76, 163)","(85, 161)","(113, 164)","(86, 163)","(77, 164)","(69, 164)",drqaxgli_5.png,disgust
"(34, 81)","(34, 106)","(36, 131)","(41, 155)","(52, 176)","(68, 193)","(88, 205)","(110, 213)","(132, 215)","(151, 212)","(165, 202)","(178, 189)","(190, 173)","(198, 156)","(205, 137)","(210, 119)","(211, 99)","(59, 64)","(77, 52)","(99, 50)","(121, 54)","(141, 62)","(166, 64)","(181, 60)","(197, 60)","(211, 63)","(218, 74)","(151, 81)","(152, 95)","(153, 109)","(154, 123)","(127, 139)","(137, 140)","(147, 141)","(156, 140)","(164, 138)","(78, 79)","(92, 74)","(105, 75)","(116, 85)","(103, 86)","(89, 84)","(171, 89)","(184, 82)","(196, 83)","(204, 90)","(195, 93)","(182, 92)","(102, 170)","(120, 162)","(137, 155)","(146, 157)","(153, 154)","(161, 160)","(167, 171)","(159, 177)","(151, 181)","(142, 182)","(133, 182)","(118, 179)","(109, 170)","(135, 166)","(144, 166)","(152, 165)","(162, 170)","(152, 166)","(144, 167)","(135, 167)",ewxovpyu_5.png,disgust
"(11, 95)","(10, 112)","(12, 130)","(16, 148)","(24, 165)","(34, 181)","(45, 195)","(59, 207)","(76, 210)","(99, 209)","(125, 201)","(150, 191)","(172, 177)","(186, 156)","(192, 133)","(195, 109)","(198, 85)","(7, 69)","(15, 62)","(26, 62)","(38, 64)","(50, 68)","(75, 67)","(94, 59)","(115, 55)","(138, 56)","(157, 65)","(62, 84)","(59, 96)","(55, 109)","(51, 122)","(44, 132)","(52, 134)","(61, 136)","(71, 134)","(81, 132)","(21, 88)","(29, 84)","(38, 83)","(48, 88)","(38, 90)","(29, 91)","(98, 85)","(108, 79)","(120, 79)","(133, 82)","(122, 86)","(110, 87)","(45, 163)","(47, 154)","(54, 150)","(62, 152)","(71, 149)","(88, 154)","(108, 161)","(92, 172)","(78, 177)","(68, 178)","(59, 177)","(51, 173)","(49, 163)","(56, 158)","(64, 158)","(73, 157)","(101, 161)","(75, 165)","(66, 165)","(58, 164)",ihpptwuq_5.png,disgust
"(36, 107)","(39, 127)","(44, 147)","(52, 165)","(62, 183)","(77, 196)","(94, 206)","(114, 212)","(134, 211)","(153, 206)","(168, 196)","(181, 183)","(189, 167)","(193, 148)","(194, 129)","(193, 111)","(190, 91)","(38, 88)","(49, 79)","(66, 77)","(83, 79)","(100, 83)","(126, 79)","(142, 74)","(158, 70)","(174, 70)","(186, 77)","(116, 96)","(117, 111)","(119, 125)","(120, 140)","(104, 150)","(113, 151)","(122, 152)","(131, 149)","(139, 146)","(56, 102)","(66, 98)","(77, 97)","(89, 102)","(78, 105)","(66, 106)","(142, 98)","(152, 92)","(163, 91)","(174, 94)","(165, 98)","(153, 99)","(94, 178)","(105, 169)","(116, 163)","(125, 164)","(133, 161)","(144, 165)","(156, 171)","(147, 178)","(137, 182)","(128, 184)","(119, 184)","(107, 183)","(99, 177)","(117, 172)","(125, 172)","(134, 170)","(151, 171)","(135, 170)","(126, 171)","(117, 171)",oqijknmk_5.png,disgust
"(46, 85)","(42, 107)","(42, 130)","(44, 152)","(53, 170)","(69, 185)","(88, 196)","(108, 204)","(128, 208)","(145, 205)","(159, 196)","(172, 184)","(183, 170)","(191, 153)","(198, 137)","(203, 120)","(203, 103)","(75, 71)","(91, 65)","(109, 64)","(126, 68)","(142, 76)","(165, 79)","(177, 74)","(190, 72)","(202, 73)","(210, 81)","(151, 93)","(152, 104)","(153, 115)","(154, 127)","(129, 139)","(138, 141)","(147, 143)","(155, 142)","(162, 140)","(87, 88)","(99, 83)","(111, 85)","(120, 94)","(108, 95)","(96, 94)","(166, 97)","(176, 90)","(188, 90)","(196, 96)","(187, 101)","(176, 100)","(105, 166)","(122, 159)","(137, 153)","(145, 156)","(151, 153)","(159, 158)","(164, 167)","(156, 174)","(148, 176)","(141, 177)","(133, 177)","(119, 174)","(111, 166)","(135, 164)","(143, 164)","(149, 164)","(160, 167)","(149, 163)","(143, 164)","(135, 164)",efpevwxc_5.png,disgust
"(29, 99)","(29, 122)","(32, 144)","(37, 165)","(45, 186)","(57, 204)","(73, 217)","(92, 226)","(114, 228)","(137, 226)","(158, 218)","(176, 205)","(190, 187)","(199, 166)","(205, 144)","(208, 120)","(209, 96)","(34, 87)","(46, 75)","(64, 72)","(83, 75)","(101, 81)","(124, 80)","(143, 73)","(163, 70)","(182, 72)","(197, 83)","(113, 94)","(112, 108)","(112, 123)","(111, 138)","(91, 148)","(101, 151)","(112, 153)","(124, 150)","(135, 148)","(52, 95)","(62, 90)","(75, 90)","(87, 99)","(75, 100)","(62, 99)","(142, 98)","(154, 89)","(167, 88)","(178, 93)","(168, 98)","(155, 98)","(75, 174)","(89, 167)","(102, 163)","(113, 166)","(124, 163)","(137, 167)","(152, 175)","(137, 182)","(124, 185)","(112, 186)","(101, 185)","(89, 182)","(81, 174)","(102, 172)","(113, 174)","(124, 173)","(146, 175)","(123, 172)","(112, 173)","(101, 172)",ahdmclwl_5.png,disgust
"(36, 76)","(31, 99)","(27, 123)","(28, 148)","(36, 170)","(51, 187)","(71, 199)","(92, 209)","(112, 214)","(131, 213)","(147, 204)","(163, 193)","(177, 178)","(189, 162)","(200, 146)","(207, 128)","(210, 109)","(77, 68)","(96, 63)","(117, 64)","(137, 70)","(155, 78)","(176, 81)","(190, 78)","(203, 76)","(215, 78)","(222, 86)","(160, 95)","(160, 109)","(160, 122)","(160, 136)","(131, 146)","(140, 148)","(149, 151)","(157, 151)","(165, 149)","(89, 87)","(103, 84)","(116, 86)","(126, 95)","(113, 95)","(100, 93)","(175, 100)","(187, 95)","(198, 96)","(205, 101)","(197, 105)","(185, 103)","(99, 171)","(120, 165)","(136, 161)","(144, 165)","(151, 163)","(156, 168)","(159, 176)","(150, 183)","(142, 186)","(135, 186)","(126, 185)","(113, 180)","(106, 171)","(133, 171)","(141, 172)","(148, 172)","(154, 175)","(145, 173)","(138, 174)","(130, 173)",eiwosjdk_5.png,disgust
"(30, 109)","(37, 130)","(47, 150)","(59, 168)","(71, 187)","(86, 201)","(103, 213)","(121, 221)","(142, 219)","(163, 213)","(181, 199)","(195, 181)","(201, 160)","(202, 137)","(199, 113)","(195, 91)","(189, 68)","(25, 96)","(34, 84)","(50, 81)","(67, 82)","(85, 84)","(106, 79)","(123, 70)","(141, 64)","(160, 60)","(177, 66)","(99, 93)","(102, 108)","(104, 123)","(107, 139)","(94, 149)","(104, 150)","(114, 151)","(125, 146)","(135, 142)","(46, 101)","(54, 95)","(66, 92)","(79, 98)","(68, 102)","(56, 104)","(128, 89)","(138, 80)","(150, 77)","(163, 79)","(154, 86)","(141, 88)","(94, 176)","(101, 169)","(111, 164)","(121, 165)","(131, 161)","(146, 162)","(163, 166)","(151, 175)","(138, 181)","(127, 183)","(117, 183)","(106, 181)","(100, 175)","(113, 172)","(123, 172)","(133, 169)","(157, 166)","(134, 169)","(124, 171)","(114, 171)",ldrdzvuu_5.png,disgust
"(31, 87)","(28, 110)","(29, 133)","(33, 155)","(39, 175)","(48, 193)","(64, 207)","(82, 216)","(103, 219)","(125, 219)","(146, 214)","(165, 202)","(179, 185)","(191, 165)","(201, 143)","(210, 120)","(216, 96)","(44, 63)","(57, 53)","(73, 51)","(90, 55)","(104, 64)","(136, 68)","(154, 63)","(173, 61)","(191, 64)","(205, 76)","(117, 84)","(116, 99)","(114, 113)","(112, 128)","(95, 140)","(102, 143)","(111, 145)","(120, 143)","(128, 141)","(58, 82)","(69, 76)","(83, 77)","(94, 88)","(80, 89)","(67, 88)","(145, 91)","(159, 83)","(173, 84)","(184, 92)","(172, 97)","(158, 95)","(80, 175)","(90, 163)","(101, 157)","(108, 159)","(116, 158)","(126, 166)","(135, 179)","(125, 187)","(115, 190)","(106, 191)","(98, 190)","(89, 185)","(86, 175)","(100, 168)","(108, 169)","(115, 169)","(130, 178)","(115, 174)","(108, 175)","(100, 173)",ierydzqw_5.png,disgust
"(60, 104)","(59, 125)","(59, 147)","(62, 168)","(73, 185)","(90, 198)","(110, 205)","(132, 209)","(152, 209)","(167, 205)","(177, 194)","(185, 180)","(192, 166)","(199, 150)","(204, 135)","(206, 120)","(204, 105)","(92, 82)","(106, 72)","(123, 67)","(141, 68)","(157, 74)","(176, 76)","(186, 70)","(196, 68)","(206, 69)","(211, 77)","(165, 94)","(169, 107)","(173, 120)","(177, 133)","(151, 146)","(160, 146)","(168, 147)","(175, 145)","(181, 142)","(105, 97)","(115, 91)","(126, 91)","(135, 98)","(125, 101)","(114, 101)","(176, 98)","(185, 90)","(194, 89)","(200, 95)","(194, 99)","(185, 99)","(125, 173)","(143, 165)","(158, 159)","(166, 160)","(172, 157)","(177, 160)","(178, 167)","(174, 174)","(168, 178)","(162, 180)","(154, 181)","(140, 179)","(130, 172)","(157, 168)","(165, 168)","(170, 166)","(175, 167)","(169, 167)","(164, 169)","(156, 169)",vzesjbbl_5.png,disgust
"(20, 100)","(24, 120)","(32, 139)","(42, 157)","(55, 174)","(71, 188)","(88, 199)","(106, 209)","(125, 210)","(145, 203)","(164, 189)","(181, 173)","(195, 154)","(204, 133)","(205, 109)","(201, 85)","(194, 62)","(18, 75)","(27, 67)","(39, 62)","(54, 61)","(68, 65)","(100, 60)","(113, 48)","(130, 42)","(147, 40)","(164, 44)","(86, 87)","(89, 102)","(90, 117)","(91, 132)","(82, 144)","(90, 146)","(98, 146)","(107, 143)","(116, 140)","(36, 95)","(44, 88)","(56, 86)","(68, 93)","(57, 97)","(46, 98)","(117, 84)","(126, 73)","(139, 70)","(152, 74)","(143, 81)","(130, 84)","(81, 172)","(87, 163)","(95, 158)","(103, 160)","(109, 157)","(123, 160)","(140, 165)","(127, 176)","(115, 182)","(107, 183)","(99, 183)","(90, 179)","(86, 171)","(98, 168)","(105, 168)","(112, 167)","(133, 166)","(112, 167)","(104, 168)","(97, 168)",uayynxyx_5.png,disgust
"(8, 113)","(13, 130)","(22, 145)","(34, 161)","(49, 175)","(65, 187)","(81, 198)","(98, 206)","(116, 207)","(138, 200)","(158, 189)","(175, 174)","(187, 156)","(192, 134)","(188, 111)","(181, 88)","(172, 66)","(3, 77)","(10, 71)","(20, 70)","(31, 70)","(43, 74)","(64, 68)","(78, 58)","(95, 51)","(114, 48)","(133, 51)","(60, 87)","(61, 100)","(61, 113)","(61, 126)","(60, 140)","(67, 141)","(75, 141)","(83, 137)","(91, 135)","(23, 96)","(28, 89)","(39, 87)","(50, 92)","(41, 96)","(31, 99)","(90, 84)","(98, 75)","(110, 72)","(124, 75)","(115, 82)","(103, 85)","(72, 171)","(70, 160)","(76, 153)","(83, 155)","(90, 152)","(108, 155)","(125, 164)","(115, 175)","(103, 180)","(94, 182)","(87, 182)","(78, 178)","(76, 169)","(80, 163)","(87, 162)","(94, 161)","(119, 164)","(96, 167)","(89, 168)","(82, 168)",pqwjdnfm_5.png,disgust
"(22, 86)","(23, 109)","(27, 131)","(34, 151)","(44, 170)","(58, 186)","(75, 199)","(93, 209)","(114, 212)","(134, 209)","(154, 198)","(172, 184)","(188, 167)","(198, 146)","(203, 122)","(206, 98)","(206, 74)","(28, 71)","(40, 61)","(56, 61)","(72, 65)","(87, 74)","(115, 77)","(133, 70)","(151, 65)","(170, 65)","(186, 73)","(103, 93)","(103, 107)","(103, 121)","(103, 135)","(88, 145)","(96, 146)","(105, 148)","(115, 146)","(124, 145)","(48, 88)","(58, 83)","(71, 84)","(81, 94)","(70, 96)","(57, 95)","(131, 95)","(142, 86)","(155, 86)","(166, 91)","(156, 97)","(143, 98)","(79, 171)","(88, 165)","(98, 160)","(106, 163)","(115, 160)","(128, 166)","(141, 173)","(129, 184)","(118, 188)","(108, 189)","(100, 187)","(89, 183)","(84, 172)","(99, 170)","(107, 171)","(115, 171)","(135, 173)","(116, 172)","(108, 173)","(100, 171)",zluqofnj_5.png,disgust
"(26, 90)","(26, 109)","(31, 128)","(40, 146)","(50, 164)","(63, 180)","(77, 194)","(93, 205)","(112, 207)","(134, 202)","(157, 189)","(178, 173)","(194, 154)","(205, 130)","(207, 105)","(205, 80)","(201, 56)","(19, 65)","(26, 55)","(38, 53)","(52, 56)","(65, 60)","(86, 55)","(104, 47)","(122, 40)","(143, 40)","(161, 47)","(80, 78)","(80, 92)","(79, 105)","(78, 119)","(71, 134)","(78, 135)","(86, 136)","(95, 133)","(104, 132)","(33, 83)","(41, 76)","(53, 75)","(63, 83)","(53, 86)","(42, 87)","(111, 77)","(120, 66)","(133, 64)","(146, 69)","(136, 75)","(124, 78)","(70, 164)","(73, 155)","(81, 148)","(88, 150)","(96, 147)","(111, 153)","(128, 161)","(116, 171)","(103, 177)","(94, 178)","(87, 177)","(78, 173)","(75, 164)","(84, 160)","(90, 161)","(98, 159)","(122, 161)","(99, 162)","(91, 162)","(84, 162)",wzztqoql_5.png,disgust
"(36, 70)","(29, 94)","(24, 117)","(21, 140)","(25, 162)","(36, 181)","(52, 194)","(72, 203)","(91, 207)","(109, 207)","(126, 200)","(141, 190)","(155, 178)","(167, 163)","(178, 148)","(188, 132)","(195, 114)","(63, 75)","(81, 68)","(102, 69)","(122, 76)","(140, 85)","(161, 88)","(176, 85)","(190, 84)","(203, 87)","(209, 97)","(144, 100)","(142, 114)","(140, 128)","(138, 142)","(110, 147)","(119, 150)","(128, 154)","(137, 153)","(145, 151)","(76, 90)","(90, 87)","(103, 90)","(112, 98)","(99, 99)","(86, 97)","(159, 105)","(171, 99)","(182, 100)","(189, 106)","(181, 110)","(169, 108)","(80, 170)","(98, 165)","(113, 162)","(121, 165)","(128, 164)","(135, 169)","(138, 176)","(128, 180)","(120, 182)","(112, 182)","(103, 181)","(92, 178)","(86, 170)","(110, 170)","(118, 172)","(126, 171)","(134, 175)","(124, 170)","(116, 171)","(108, 170)",qwkfjsip_5.png,disgust
"(31, 99)","(33, 117)","(38, 134)","(45, 150)","(54, 166)","(66, 179)","(81, 191)","(96, 201)","(115, 203)","(136, 199)","(156, 190)","(175, 177)","(189, 161)","(197, 141)","(199, 119)","(198, 96)","(195, 74)","(23, 81)","(30, 71)","(43, 68)","(58, 69)","(72, 74)","(97, 68)","(113, 59)","(132, 54)","(152, 55)","(169, 64)","(88, 87)","(88, 101)","(88, 116)","(88, 131)","(79, 140)","(86, 142)","(95, 143)","(104, 140)","(113, 138)","(40, 93)","(48, 87)","(59, 86)","(70, 93)","(60, 96)","(49, 97)","(120, 88)","(130, 78)","(142, 76)","(154, 80)","(145, 86)","(132, 88)","(75, 165)","(81, 158)","(90, 153)","(98, 155)","(106, 152)","(120, 156)","(137, 161)","(124, 171)","(112, 175)","(103, 176)","(94, 175)","(85, 173)","(79, 165)","(91, 162)","(99, 163)","(108, 161)","(131, 161)","(109, 162)","(100, 163)","(92, 162)",xeavphbl_5.png,disgust
"(29, 93)","(31, 118)","(37, 144)","(44, 167)","(56, 188)","(75, 203)","(100, 211)","(125, 215)","(148, 214)","(166, 209)","(181, 196)","(195, 183)","(204, 165)","(210, 145)","(214, 126)","(216, 107)","(215, 86)","(53, 73)","(71, 62)","(93, 58)","(115, 59)","(136, 66)","(164, 66)","(179, 59)","(194, 55)","(209, 55)","(218, 64)","(149, 82)","(152, 97)","(155, 111)","(159, 126)","(135, 142)","(144, 142)","(154, 143)","(162, 140)","(170, 137)","(74, 87)","(87, 80)","(101, 79)","(114, 89)","(100, 92)","(86, 92)","(169, 87)","(181, 76)","(194, 75)","(203, 81)","(195, 87)","(182, 88)","(113, 176)","(131, 165)","(146, 157)","(155, 158)","(163, 155)","(172, 159)","(179, 168)","(172, 175)","(163, 180)","(155, 182)","(145, 183)","(130, 182)","(120, 175)","(145, 167)","(155, 167)","(163, 165)","(174, 168)","(163, 165)","(155, 167)","(145, 167)",bxiylnuw_5.png,disgust
"(31, 77)","(31, 101)","(36, 124)","(42, 147)","(53, 168)","(69, 185)","(88, 199)","(108, 209)","(129, 211)","(150, 207)","(167, 194)","(183, 180)","(195, 161)","(203, 140)","(208, 119)","(211, 98)","(211, 76)","(50, 60)","(63, 47)","(81, 43)","(99, 45)","(115, 52)","(136, 50)","(152, 42)","(170, 41)","(186, 45)","(197, 57)","(128, 74)","(129, 86)","(130, 99)","(131, 112)","(111, 127)","(121, 128)","(130, 130)","(139, 128)","(148, 126)","(68, 79)","(79, 73)","(92, 72)","(103, 80)","(92, 83)","(79, 84)","(149, 80)","(160, 71)","(173, 72)","(183, 79)","(173, 83)","(160, 83)","(98, 160)","(110, 149)","(123, 142)","(130, 144)","(137, 142)","(149, 148)","(158, 159)","(149, 172)","(138, 180)","(130, 181)","(122, 180)","(109, 174)","(105, 160)","(123, 154)","(130, 155)","(137, 154)","(152, 159)","(138, 163)","(130, 164)","(122, 164)",wikmlrbh_5.png,disgust
"(31, 89)","(29, 110)","(29, 130)","(31, 151)","(38, 170)","(51, 185)","(67, 197)","(86, 205)","(105, 208)","(124, 206)","(142, 197)","(158, 186)","(173, 171)","(183, 154)","(189, 136)","(192, 118)","(192, 99)","(43, 74)","(57, 65)","(74, 64)","(91, 67)","(108, 74)","(133, 76)","(149, 72)","(165, 70)","(180, 73)","(190, 82)","(118, 92)","(118, 105)","(117, 119)","(116, 133)","(95, 143)","(104, 145)","(114, 147)","(123, 146)","(132, 144)","(57, 89)","(68, 86)","(80, 87)","(90, 94)","(78, 95)","(66, 93)","(142, 97)","(153, 91)","(165, 91)","(174, 95)","(165, 99)","(153, 99)","(76, 166)","(90, 161)","(104, 157)","(112, 159)","(121, 158)","(131, 162)","(142, 169)","(130, 176)","(119, 179)","(110, 180)","(100, 178)","(89, 175)","(81, 167)","(103, 166)","(112, 167)","(120, 167)","(137, 169)","(120, 167)","(111, 167)","(102, 166)",utjaixsg_5.png,disgust
"(23, 88)","(22, 110)","(23, 132)","(25, 153)","(32, 174)","(44, 192)","(60, 206)","(78, 216)","(99, 220)","(120, 218)","(140, 210)","(159, 197)","(174, 181)","(185, 162)","(192, 141)","(198, 121)","(200, 98)","(27, 75)","(41, 66)","(60, 65)","(80, 68)","(99, 74)","(124, 76)","(144, 70)","(164, 68)","(183, 70)","(197, 82)","(110, 91)","(108, 105)","(106, 120)","(105, 135)","(84, 145)","(94, 148)","(104, 151)","(115, 149)","(126, 147)","(44, 89)","(56, 85)","(69, 86)","(82, 95)","(68, 96)","(54, 95)","(137, 97)","(151, 89)","(165, 89)","(176, 95)","(165, 99)","(151, 99)","(64, 169)","(79, 163)","(92, 160)","(102, 163)","(112, 161)","(125, 165)","(138, 172)","(124, 178)","(111, 180)","(101, 181)","(90, 180)","(78, 177)","(70, 169)","(92, 169)","(102, 171)","(112, 169)","(132, 172)","(112, 168)","(102, 169)","(91, 168)",wswpvoto_5.png,disgust
"(24, 93)","(25, 114)","(29, 135)","(35, 155)","(45, 175)","(57, 191)","(73, 205)","(91, 216)","(112, 217)","(135, 212)","(159, 200)","(181, 184)","(197, 165)","(206, 140)","(206, 114)","(203, 87)","(199, 61)","(18, 91)","(25, 81)","(39, 81)","(55, 83)","(70, 88)","(88, 83)","(107, 73)","(127, 64)","(149, 62)","(168, 69)","(81, 93)","(82, 107)","(82, 122)","(82, 138)","(72, 146)","(81, 149)","(90, 150)","(101, 146)","(111, 143)","(37, 97)","(44, 93)","(55, 92)","(67, 95)","(56, 98)","(46, 100)","(112, 89)","(123, 82)","(135, 80)","(148, 82)","(137, 88)","(125, 90)","(69, 171)","(78, 168)","(87, 166)","(96, 168)","(105, 164)","(121, 164)","(140, 162)","(124, 172)","(110, 176)","(99, 178)","(90, 178)","(81, 176)","(73, 171)","(88, 170)","(97, 171)","(107, 168)","(135, 163)","(107, 166)","(97, 168)","(88, 168)",cewfzfuh_5.png,disgust
"(25, 98)","(32, 120)","(42, 140)","(55, 159)","(71, 177)","(89, 192)","(109, 204)","(129, 212)","(150, 212)","(171, 205)","(189, 190)","(205, 171)","(217, 149)","(223, 125)","(225, 100)","(223, 76)","(219, 50)","(27, 77)","(39, 67)","(56, 63)","(74, 64)","(92, 67)","(122, 63)","(140, 52)","(159, 45)","(179, 43)","(198, 49)","(111, 80)","(113, 93)","(115, 107)","(117, 122)","(107, 135)","(115, 136)","(124, 136)","(132, 132)","(140, 129)","(50, 91)","(60, 82)","(74, 79)","(89, 88)","(75, 93)","(61, 95)","(141, 78)","(152, 66)","(168, 64)","(182, 69)","(171, 77)","(156, 79)","(105, 169)","(112, 155)","(121, 147)","(130, 148)","(137, 145)","(152, 150)","(167, 160)","(157, 177)","(145, 186)","(136, 188)","(127, 187)","(116, 182)","(111, 167)","(124, 159)","(132, 159)","(140, 157)","(161, 160)","(141, 167)","(133, 169)","(124, 169)",vnthlgyu_5.png,disgust
"(26, 90)","(30, 113)","(38, 134)","(46, 155)","(58, 173)","(73, 188)","(92, 199)","(112, 205)","(133, 205)","(154, 201)","(173, 189)","(190, 174)","(202, 156)","(210, 135)","(213, 112)","(214, 90)","(212, 66)","(29, 70)","(43, 61)","(62, 59)","(81, 63)","(99, 68)","(131, 66)","(147, 56)","(165, 49)","(185, 46)","(203, 52)","(117, 82)","(118, 98)","(119, 113)","(120, 129)","(105, 141)","(114, 142)","(124, 144)","(133, 140)","(141, 137)","(50, 86)","(61, 78)","(76, 78)","(90, 88)","(76, 92)","(61, 92)","(147, 82)","(158, 70)","(173, 68)","(186, 74)","(176, 82)","(161, 84)","(92, 171)","(105, 162)","(117, 155)","(126, 157)","(135, 153)","(148, 158)","(162, 165)","(150, 173)","(138, 178)","(128, 179)","(119, 180)","(106, 178)","(98, 170)","(118, 165)","(127, 166)","(137, 164)","(156, 165)","(136, 162)","(127, 164)","(117, 164)",unrhndex_5.png,disgust
"(22, 77)","(20, 97)","(20, 117)","(21, 138)","(27, 157)","(37, 174)","(51, 187)","(67, 199)","(88, 203)","(109, 203)","(128, 194)","(146, 182)","(161, 166)","(171, 147)","(177, 127)","(182, 106)","(184, 84)","(30, 70)","(42, 62)","(58, 64)","(73, 69)","(88, 75)","(111, 76)","(128, 72)","(145, 68)","(162, 69)","(175, 78)","(98, 88)","(97, 102)","(96, 116)","(95, 131)","(75, 137)","(84, 140)","(94, 143)","(104, 141)","(114, 139)","(44, 84)","(54, 82)","(64, 83)","(73, 88)","(63, 89)","(53, 89)","(125, 91)","(136, 87)","(146, 87)","(156, 90)","(146, 94)","(136, 93)","(61, 161)","(73, 157)","(84, 155)","(93, 158)","(102, 155)","(114, 159)","(125, 165)","(113, 172)","(101, 175)","(91, 175)","(81, 174)","(71, 170)","(66, 162)","(83, 162)","(92, 164)","(102, 163)","(121, 164)","(102, 162)","(92, 163)","(82, 161)",jxadmktw_5.png,disgust
"(38, 123)","(42, 139)","(48, 153)","(57, 167)","(68, 180)","(82, 190)","(97, 197)","(112, 202)","(129, 201)","(147, 197)","(162, 188)","(176, 178)","(185, 165)","(189, 148)","(188, 129)","(184, 112)","(178, 94)","(34, 96)","(41, 86)","(53, 82)","(67, 82)","(80, 86)","(107, 82)","(120, 73)","(135, 68)","(150, 68)","(163, 74)","(97, 99)","(98, 112)","(100, 124)","(101, 137)","(92, 147)","(99, 148)","(107, 149)","(115, 145)","(122, 142)","(51, 109)","(57, 101)","(69, 99)","(80, 106)","(70, 110)","(59, 112)","(122, 99)","(130, 89)","(142, 87)","(152, 92)","(145, 98)","(133, 100)","(88, 171)","(95, 164)","(104, 159)","(111, 160)","(118, 157)","(131, 160)","(146, 164)","(135, 173)","(125, 178)","(117, 179)","(109, 179)","(100, 178)","(93, 170)","(106, 167)","(113, 167)","(120, 165)","(141, 164)","(121, 166)","(114, 167)","(107, 168)",rmpxztdq_5.png,disgust
"(20, 89)","(21, 112)","(27, 134)","(36, 155)","(47, 174)","(63, 189)","(79, 201)","(97, 212)","(116, 216)","(136, 211)","(153, 199)","(169, 186)","(182, 169)","(193, 149)","(198, 126)","(199, 103)","(197, 80)","(32, 70)","(44, 59)","(60, 57)","(78, 61)","(93, 68)","(119, 65)","(134, 58)","(150, 54)","(167, 54)","(179, 63)","(109, 89)","(109, 105)","(110, 120)","(110, 135)","(93, 147)","(102, 149)","(111, 150)","(121, 148)","(130, 146)","(51, 88)","(61, 80)","(75, 80)","(86, 92)","(74, 95)","(61, 95)","(132, 91)","(141, 78)","(155, 77)","(166, 83)","(158, 92)","(144, 93)","(85, 178)","(95, 171)","(106, 166)","(112, 168)","(119, 165)","(131, 171)","(144, 177)","(133, 188)","(123, 193)","(115, 194)","(107, 193)","(97, 189)","(91, 178)","(107, 177)","(113, 177)","(120, 176)","(139, 177)","(121, 177)","(114, 178)","(107, 177)",byvwcoer_5.png,disgust
"(18, 79)","(18, 103)","(23, 125)","(30, 146)","(41, 167)","(57, 184)","(76, 198)","(95, 211)","(117, 214)","(139, 211)","(158, 198)","(176, 183)","(191, 165)","(200, 144)","(205, 122)","(208, 99)","(208, 75)","(25, 66)","(41, 58)","(59, 58)","(78, 63)","(95, 70)","(125, 68)","(142, 61)","(161, 56)","(180, 55)","(196, 63)","(111, 84)","(111, 99)","(112, 115)","(112, 131)","(93, 141)","(103, 143)","(113, 146)","(123, 143)","(132, 140)","(44, 83)","(56, 78)","(70, 79)","(82, 87)","(69, 89)","(55, 89)","(140, 86)","(152, 76)","(166, 75)","(178, 79)","(167, 86)","(154, 87)","(80, 169)","(92, 162)","(105, 157)","(114, 159)","(123, 156)","(137, 162)","(151, 168)","(138, 181)","(125, 186)","(115, 187)","(105, 186)","(93, 182)","(86, 170)","(105, 167)","(114, 168)","(124, 167)","(144, 169)","(124, 170)","(114, 171)","(105, 170)",berfdxkn_5.png,disgust
"(-11, 112)","(-8, 132)","(-2, 152)","(9, 170)","(24, 186)","(40, 198)","(60, 206)","(80, 212)","(101, 212)","(122, 210)","(140, 202)","(153, 188)","(161, 170)","(166, 150)","(169, 130)","(171, 109)","(169, 88)","(8, 77)","(20, 67)","(35, 63)","(52, 64)","(67, 69)","(91, 63)","(106, 55)","(123, 52)","(140, 53)","(155, 61)","(82, 84)","(82, 96)","(81, 109)","(81, 122)","(69, 138)","(77, 138)","(86, 138)","(95, 137)","(104, 135)","(26, 94)","(35, 87)","(47, 86)","(59, 92)","(48, 95)","(36, 97)","(109, 86)","(119, 78)","(131, 77)","(143, 82)","(133, 87)","(121, 88)","(63, 172)","(70, 160)","(80, 152)","(89, 154)","(97, 152)","(111, 158)","(125, 169)","(114, 177)","(103, 180)","(94, 181)","(85, 180)","(74, 178)","(68, 171)","(82, 164)","(90, 164)","(99, 163)","(119, 168)","(100, 164)","(92, 165)","(83, 164)",cmmubymu_5.png,disgust
"(6, 110)","(10, 128)","(18, 147)","(29, 164)","(42, 181)","(59, 195)","(77, 207)","(96, 215)","(119, 215)","(142, 211)","(163, 200)","(181, 185)","(193, 167)","(199, 145)","(198, 121)","(195, 98)","(190, 76)","(4, 83)","(15, 76)","(30, 75)","(45, 76)","(62, 80)","(85, 74)","(103, 65)","(122, 59)","(142, 57)","(161, 62)","(78, 89)","(78, 103)","(78, 117)","(78, 131)","(69, 144)","(78, 145)","(87, 146)","(97, 142)","(106, 140)","(24, 98)","(33, 91)","(46, 89)","(58, 96)","(47, 99)","(34, 101)","(110, 88)","(121, 78)","(134, 76)","(148, 80)","(138, 87)","(124, 89)","(68, 173)","(73, 163)","(82, 157)","(91, 159)","(101, 156)","(118, 160)","(137, 166)","(124, 176)","(111, 181)","(100, 182)","(91, 182)","(80, 179)","(73, 172)","(85, 168)","(94, 168)","(104, 166)","(131, 167)","(106, 167)","(96, 168)","(88, 168)",gwcaofmi_5.png,disgust
"(23, 71)","(24, 98)","(28, 124)","(33, 148)","(43, 171)","(59, 191)","(80, 207)","(103, 220)","(128, 222)","(151, 218)","(170, 204)","(188, 187)","(201, 167)","(209, 145)","(214, 123)","(217, 100)","(218, 76)","(43, 64)","(58, 54)","(79, 52)","(98, 57)","(117, 63)","(144, 63)","(162, 59)","(179, 56)","(196, 57)","(208, 67)","(131, 81)","(132, 96)","(133, 111)","(134, 127)","(112, 139)","(122, 141)","(132, 143)","(141, 140)","(150, 138)","(63, 82)","(75, 78)","(88, 78)","(99, 85)","(87, 88)","(74, 87)","(156, 85)","(166, 79)","(179, 79)","(189, 84)","(179, 88)","(167, 88)","(96, 173)","(108, 165)","(122, 159)","(131, 161)","(140, 158)","(151, 163)","(161, 171)","(152, 183)","(141, 190)","(131, 191)","(121, 191)","(108, 186)","(102, 174)","(122, 170)","(131, 171)","(140, 169)","(155, 171)","(141, 174)","(131, 176)","(122, 175)",lozmqzzr_5.png,disgust
"(28, 97)","(28, 119)","(30, 139)","(34, 158)","(44, 177)","(61, 190)","(82, 200)","(104, 207)","(126, 209)","(146, 206)","(163, 197)","(179, 187)","(192, 173)","(200, 156)","(205, 139)","(208, 121)","(209, 102)","(44, 89)","(59, 78)","(79, 75)","(100, 78)","(120, 84)","(142, 84)","(160, 78)","(178, 76)","(196, 78)","(208, 89)","(131, 98)","(132, 110)","(133, 122)","(135, 134)","(111, 146)","(121, 147)","(132, 149)","(141, 147)","(151, 146)","(63, 100)","(75, 96)","(88, 96)","(99, 103)","(87, 104)","(75, 104)","(156, 103)","(167, 97)","(179, 97)","(190, 100)","(180, 104)","(168, 104)","(92, 170)","(109, 163)","(123, 159)","(132, 161)","(141, 158)","(152, 163)","(164, 169)","(151, 177)","(140, 180)","(131, 181)","(121, 180)","(108, 177)","(98, 169)","(122, 167)","(132, 168)","(140, 166)","(158, 168)","(140, 167)","(131, 168)","(122, 168)",gpqmawjo_5.png,disgust
"(21, 71)","(18, 97)","(18, 122)","(20, 146)","(29, 169)","(45, 187)","(65, 200)","(86, 209)","(106, 211)","(123, 209)","(137, 198)","(153, 187)","(167, 172)","(179, 155)","(189, 139)","(195, 121)","(198, 101)","(54, 73)","(74, 68)","(96, 69)","(116, 75)","(136, 83)","(161, 84)","(176, 79)","(190, 77)","(202, 77)","(209, 83)","(144, 99)","(144, 114)","(144, 130)","(144, 145)","(115, 152)","(125, 154)","(135, 157)","(145, 155)","(153, 152)","(71, 92)","(86, 88)","(100, 89)","(110, 98)","(97, 100)","(83, 99)","(161, 100)","(172, 92)","(184, 93)","(192, 98)","(184, 103)","(172, 103)","(88, 176)","(107, 171)","(123, 167)","(131, 170)","(139, 168)","(146, 171)","(150, 175)","(142, 182)","(134, 187)","(126, 189)","(117, 189)","(103, 185)","(95, 176)","(121, 176)","(129, 177)","(137, 175)","(146, 175)","(136, 175)","(128, 176)","(120, 176)",dkgndkfj_5.png,disgust
"(30, 60)","(24, 84)","(19, 108)","(16, 133)","(19, 156)","(28, 177)","(42, 195)","(62, 207)","(83, 214)","(103, 218)","(124, 216)","(143, 207)","(159, 194)","(172, 177)","(185, 159)","(197, 139)","(205, 118)","(55, 51)","(74, 45)","(95, 47)","(114, 56)","(131, 66)","(158, 72)","(176, 71)","(193, 73)","(208, 80)","(214, 93)","(137, 86)","(133, 99)","(129, 113)","(125, 127)","(102, 132)","(109, 136)","(117, 141)","(125, 143)","(135, 144)","(69, 72)","(82, 69)","(96, 72)","(104, 84)","(92, 83)","(78, 80)","(158, 97)","(172, 91)","(184, 94)","(192, 103)","(182, 106)","(170, 103)","(68, 156)","(86, 151)","(103, 150)","(112, 156)","(122, 157)","(133, 167)","(142, 180)","(126, 188)","(112, 189)","(101, 187)","(91, 182)","(77, 172)","(74, 157)","(99, 162)","(109, 166)","(119, 168)","(137, 179)","(115, 174)","(106, 172)","(96, 168)",rmhmzyaj_5.png,disgust
"(31, 91)","(32, 114)","(35, 138)","(40, 160)","(50, 180)","(66, 196)","(88, 207)","(111, 214)","(134, 215)","(155, 211)","(173, 200)","(189, 186)","(201, 168)","(209, 149)","(214, 130)","(218, 111)","(218, 90)","(51, 78)","(66, 69)","(86, 67)","(105, 69)","(124, 74)","(160, 69)","(176, 62)","(193, 59)","(209, 61)","(219, 70)","(143, 88)","(145, 102)","(147, 116)","(149, 131)","(125, 141)","(135, 143)","(144, 146)","(153, 143)","(161, 140)","(70, 92)","(82, 85)","(97, 85)","(109, 93)","(96, 96)","(82, 96)","(166, 91)","(177, 81)","(191, 80)","(201, 86)","(192, 91)","(179, 92)","(100, 172)","(118, 163)","(134, 157)","(143, 159)","(151, 156)","(161, 160)","(169, 168)","(159, 178)","(149, 183)","(140, 185)","(130, 185)","(115, 181)","(107, 172)","(132, 166)","(142, 167)","(150, 165)","(163, 168)","(149, 169)","(141, 171)","(131, 171)",crjjlbux_5.png,disgust
"(18, 88)","(18, 111)","(20, 134)","(25, 157)","(35, 177)","(52, 193)","(73, 205)","(96, 212)","(120, 214)","(141, 211)","(159, 200)","(175, 186)","(188, 170)","(196, 151)","(201, 133)","(205, 114)","(204, 94)","(36, 71)","(51, 59)","(73, 57)","(95, 60)","(115, 66)","(140, 66)","(158, 61)","(177, 60)","(194, 61)","(206, 73)","(127, 84)","(127, 98)","(128, 113)","(129, 128)","(104, 140)","(114, 142)","(126, 144)","(136, 142)","(146, 140)","(54, 86)","(67, 82)","(81, 82)","(93, 90)","(80, 91)","(66, 91)","(153, 91)","(166, 83)","(179, 83)","(189, 89)","(179, 93)","(165, 93)","(82, 169)","(99, 160)","(115, 154)","(126, 156)","(135, 154)","(147, 159)","(158, 168)","(146, 177)","(135, 182)","(124, 183)","(113, 183)","(98, 179)","(89, 169)","(114, 166)","(125, 166)","(134, 165)","(152, 167)","(135, 166)","(125, 167)","(114, 167)",lkpjxjbm_5.png,disgust
"(28, 91)","(23, 113)","(20, 137)","(18, 160)","(24, 182)","(36, 201)","(55, 214)","(77, 222)","(101, 225)","(125, 224)","(147, 217)","(167, 206)","(182, 190)","(192, 169)","(197, 149)","(200, 127)","(202, 106)","(43, 80)","(54, 68)","(72, 64)","(91, 67)","(108, 76)","(129, 80)","(147, 73)","(167, 70)","(185, 76)","(196, 91)","(116, 89)","(115, 103)","(114, 117)","(113, 132)","(89, 142)","(100, 145)","(111, 147)","(123, 146)","(134, 144)","(59, 89)","(70, 85)","(81, 85)","(92, 92)","(80, 92)","(69, 92)","(140, 95)","(153, 90)","(164, 91)","(174, 96)","(163, 98)","(152, 97)","(63, 168)","(81, 163)","(96, 160)","(108, 164)","(120, 161)","(134, 164)","(149, 169)","(133, 174)","(119, 176)","(106, 176)","(93, 175)","(79, 173)","(68, 167)","(95, 166)","(108, 168)","(120, 167)","(144, 169)","(120, 167)","(107, 168)","(95, 166)",hrvovytx_5.png,disgust
"(-2, 120)","(4, 138)","(11, 156)","(23, 172)","(37, 188)","(54, 199)","(74, 208)","(93, 214)","(113, 214)","(133, 210)","(149, 202)","(160, 188)","(167, 171)","(170, 151)","(170, 129)","(167, 109)","(162, 89)","(6, 84)","(16, 75)","(31, 74)","(45, 75)","(59, 80)","(83, 73)","(98, 65)","(114, 60)","(130, 60)","(145, 65)","(76, 92)","(77, 106)","(78, 120)","(79, 134)","(69, 146)","(78, 148)","(87, 148)","(96, 145)","(104, 142)","(26, 102)","(34, 95)","(46, 93)","(57, 100)","(47, 104)","(35, 105)","(104, 93)","(114, 84)","(126, 82)","(138, 87)","(129, 93)","(117, 95)","(68, 176)","(75, 166)","(84, 160)","(92, 161)","(100, 159)","(114, 164)","(130, 171)","(119, 181)","(108, 185)","(99, 187)","(90, 186)","(80, 183)","(73, 175)","(86, 170)","(94, 170)","(102, 169)","(124, 171)","(104, 172)","(96, 172)","(87, 172)",zttyuhka_5.png,disgust
"(21, 89)","(19, 111)","(19, 133)","(21, 155)","(29, 175)","(42, 190)","(56, 201)","(73, 211)","(94, 213)","(117, 211)","(139, 201)","(160, 188)","(177, 171)","(190, 150)","(196, 127)","(200, 102)","(203, 78)","(24, 67)","(34, 56)","(50, 55)","(66, 58)","(81, 64)","(103, 64)","(122, 57)","(143, 53)","(164, 55)","(180, 66)","(91, 82)","(89, 96)","(87, 110)","(85, 125)","(67, 137)","(77, 138)","(88, 141)","(100, 138)","(113, 137)","(37, 84)","(47, 81)","(58, 81)","(69, 86)","(57, 87)","(47, 87)","(124, 86)","(135, 80)","(147, 80)","(160, 82)","(148, 86)","(135, 87)","(55, 164)","(66, 157)","(78, 153)","(89, 155)","(100, 152)","(116, 156)","(134, 163)","(118, 172)","(103, 177)","(91, 178)","(79, 177)","(67, 174)","(60, 164)","(79, 162)","(90, 163)","(101, 162)","(128, 162)","(102, 163)","(91, 164)","(79, 163)",lsvvtebh_5.png,disgust
"(52, 98)","(51, 121)","(52, 145)","(57, 168)","(68, 188)","(84, 203)","(103, 215)","(122, 223)","(140, 225)","(155, 220)","(167, 208)","(177, 193)","(186, 176)","(193, 160)","(199, 144)","(202, 127)","(202, 110)","(80, 79)","(94, 69)","(113, 67)","(131, 70)","(149, 77)","(172, 79)","(184, 75)","(196, 74)","(206, 76)","(210, 85)","(157, 93)","(159, 104)","(161, 115)","(163, 126)","(137, 140)","(146, 141)","(155, 143)","(162, 141)","(169, 139)","(94, 92)","(105, 87)","(117, 87)","(126, 96)","(115, 97)","(103, 97)","(170, 99)","(180, 92)","(191, 92)","(198, 99)","(190, 102)","(179, 101)","(111, 175)","(127, 161)","(144, 155)","(153, 156)","(160, 154)","(168, 159)","(170, 172)","(166, 185)","(157, 192)","(149, 193)","(139, 193)","(124, 187)","(117, 174)","(142, 164)","(151, 164)","(158, 163)","(167, 171)","(158, 180)","(151, 181)","(141, 181)",ykcmdflq_5.png,disgust
"(25, 114)","(35, 136)","(47, 155)","(61, 172)","(77, 188)","(96, 199)","(116, 207)","(136, 213)","(156, 209)","(176, 198)","(192, 179)","(205, 156)","(210, 131)","(210, 106)","(207, 83)","(202, 59)","(194, 35)","(18, 99)","(26, 88)","(41, 85)","(57, 84)","(75, 86)","(99, 80)","(113, 68)","(131, 56)","(151, 48)","(173, 50)","(93, 95)","(99, 109)","(104, 124)","(110, 139)","(101, 150)","(109, 151)","(119, 150)","(127, 144)","(135, 139)","(41, 106)","(48, 99)","(61, 96)","(74, 101)","(63, 107)","(51, 110)","(123, 86)","(131, 74)","(144, 70)","(158, 71)","(149, 81)","(136, 85)","(104, 178)","(110, 169)","(119, 162)","(128, 162)","(136, 157)","(150, 156)","(165, 158)","(156, 172)","(146, 181)","(137, 184)","(127, 186)","(116, 184)","(109, 177)","(122, 171)","(131, 169)","(139, 166)","(159, 160)","(140, 168)","(132, 171)","(123, 172)",cjdxeady_5.png,disgust
"(23, 85)","(21, 106)","(22, 128)","(26, 149)","(34, 169)","(46, 186)","(62, 200)","(79, 213)","(100, 218)","(120, 214)","(139, 204)","(157, 192)","(172, 176)","(185, 157)","(193, 137)","(198, 114)","(201, 91)","(39, 69)","(52, 61)","(67, 61)","(83, 66)","(96, 73)","(124, 74)","(140, 65)","(157, 60)","(174, 61)","(188, 70)","(109, 87)","(109, 100)","(108, 114)","(108, 127)","(89, 138)","(98, 140)","(107, 143)","(116, 141)","(125, 138)","(51, 87)","(61, 83)","(73, 83)","(83, 90)","(72, 93)","(60, 92)","(135, 91)","(146, 83)","(158, 82)","(169, 87)","(159, 92)","(147, 92)","(74, 169)","(85, 159)","(97, 153)","(105, 155)","(113, 153)","(124, 158)","(135, 168)","(124, 181)","(113, 188)","(104, 189)","(95, 188)","(84, 182)","(80, 169)","(97, 164)","(105, 164)","(112, 164)","(129, 168)","(113, 172)","(104, 174)","(96, 173)",wlknhjhk_5.png,disgust
"(6, 110)","(7, 128)","(10, 145)","(16, 162)","(26, 179)","(38, 192)","(53, 203)","(70, 211)","(89, 214)","(108, 213)","(130, 206)","(149, 197)","(163, 183)","(171, 164)","(175, 144)","(177, 124)","(177, 103)","(8, 82)","(19, 75)","(33, 76)","(46, 79)","(59, 85)","(86, 82)","(103, 76)","(121, 74)","(138, 76)","(153, 84)","(73, 97)","(71, 111)","(68, 125)","(66, 139)","(55, 147)","(63, 150)","(72, 151)","(81, 149)","(91, 148)","(24, 99)","(33, 94)","(44, 94)","(54, 100)","(44, 102)","(33, 102)","(105, 100)","(115, 94)","(127, 94)","(137, 99)","(128, 103)","(116, 103)","(51, 173)","(57, 166)","(66, 163)","(74, 166)","(83, 164)","(97, 169)","(114, 177)","(100, 183)","(87, 184)","(78, 184)","(69, 183)","(60, 179)","(56, 173)","(67, 172)","(75, 173)","(84, 173)","(108, 176)","(85, 173)","(76, 173)","(68, 171)",uxrohvye_5.png,disgust
"(9, 105)","(14, 125)","(23, 143)","(34, 161)","(48, 177)","(64, 190)","(82, 201)","(99, 211)","(119, 212)","(142, 207)","(164, 193)","(183, 176)","(197, 155)","(205, 131)","(203, 105)","(198, 79)","(192, 54)","(2, 84)","(9, 78)","(20, 78)","(32, 79)","(45, 82)","(64, 76)","(81, 66)","(100, 58)","(121, 54)","(143, 57)","(62, 95)","(63, 109)","(63, 123)","(63, 138)","(60, 147)","(67, 149)","(76, 150)","(85, 146)","(94, 143)","(21, 99)","(28, 93)","(39, 92)","(49, 98)","(40, 101)","(30, 102)","(94, 90)","(102, 80)","(114, 77)","(128, 79)","(119, 87)","(106, 90)","(72, 177)","(71, 168)","(76, 163)","(83, 164)","(90, 161)","(107, 163)","(126, 169)","(115, 178)","(103, 184)","(94, 185)","(87, 185)","(79, 182)","(76, 175)","(79, 172)","(86, 172)","(94, 170)","(120, 168)","(98, 171)","(90, 173)","(83, 173)",iacqeiej_5.png,disgust
"(20, 66)","(15, 90)","(14, 115)","(15, 139)","(20, 162)","(30, 182)","(46, 197)","(66, 207)","(87, 212)","(108, 214)","(130, 209)","(150, 200)","(165, 186)","(178, 167)","(188, 146)","(198, 124)","(204, 101)","(40, 53)","(58, 47)","(77, 49)","(95, 55)","(111, 65)","(140, 73)","(159, 69)","(178, 68)","(195, 71)","(206, 83)","(120, 86)","(117, 100)","(114, 114)","(111, 129)","(90, 139)","(98, 142)","(106, 145)","(115, 145)","(123, 144)","(53, 75)","(66, 70)","(80, 73)","(89, 85)","(77, 87)","(62, 84)","(145, 93)","(159, 84)","(173, 86)","(182, 95)","(172, 101)","(157, 99)","(69, 176)","(83, 167)","(94, 162)","(100, 166)","(107, 165)","(115, 174)","(124, 184)","(111, 184)","(102, 182)","(95, 181)","(88, 179)","(80, 177)","(76, 175)","(92, 175)","(98, 177)","(105, 177)","(117, 182)","(104, 165)","(98, 164)","(92, 163)",qnagxlpw_5.png,disgust
"(18, 96)","(21, 119)","(26, 139)","(34, 158)","(45, 176)","(60, 191)","(79, 202)","(99, 210)","(121, 212)","(142, 206)","(161, 193)","(178, 178)","(190, 160)","(196, 139)","(199, 117)","(201, 95)","(200, 73)","(25, 72)","(37, 64)","(53, 61)","(69, 61)","(84, 66)","(108, 64)","(124, 56)","(142, 54)","(161, 54)","(178, 60)","(97, 81)","(98, 96)","(99, 111)","(100, 127)","(88, 140)","(95, 141)","(103, 142)","(111, 139)","(119, 136)","(42, 87)","(52, 80)","(65, 80)","(75, 89)","(64, 91)","(52, 91)","(125, 85)","(136, 75)","(149, 74)","(161, 80)","(150, 86)","(137, 87)","(78, 170)","(88, 160)","(99, 153)","(107, 154)","(115, 151)","(128, 155)","(140, 162)","(131, 172)","(121, 179)","(112, 181)","(103, 181)","(91, 178)","(84, 169)","(99, 164)","(108, 164)","(116, 162)","(134, 162)","(119, 164)","(110, 166)","(102, 166)",slgwrcgn_5.png,disgust
"(31, 76)","(27, 98)","(25, 120)","(26, 141)","(34, 161)","(49, 176)","(67, 187)","(88, 195)","(106, 199)","(122, 197)","(137, 188)","(151, 177)","(163, 165)","(173, 150)","(182, 136)","(189, 120)","(191, 104)","(60, 60)","(75, 49)","(94, 45)","(113, 48)","(129, 59)","(161, 62)","(174, 56)","(188, 57)","(199, 63)","(202, 76)","(143, 86)","(143, 99)","(144, 111)","(145, 125)","(118, 134)","(127, 136)","(136, 139)","(144, 138)","(151, 137)","(76, 83)","(89, 78)","(102, 80)","(112, 89)","(99, 90)","(86, 88)","(156, 95)","(168, 87)","(179, 89)","(186, 95)","(178, 99)","(167, 98)","(87, 156)","(106, 150)","(123, 146)","(130, 149)","(137, 147)","(145, 152)","(149, 160)","(140, 173)","(130, 179)","(122, 179)","(114, 178)","(100, 171)","(92, 156)","(120, 155)","(128, 156)","(135, 156)","(144, 160)","(133, 166)","(126, 167)","(118, 166)",itfshygo_5.png,disgust
"(26, 102)","(30, 123)","(37, 143)","(45, 163)","(56, 180)","(73, 194)","(92, 205)","(112, 212)","(134, 212)","(155, 207)","(172, 195)","(185, 181)","(194, 163)","(197, 143)","(195, 121)","(192, 100)","(187, 80)","(31, 83)","(41, 72)","(57, 69)","(75, 69)","(92, 73)","(114, 69)","(130, 62)","(146, 58)","(163, 57)","(176, 64)","(107, 85)","(109, 99)","(111, 113)","(113, 128)","(97, 140)","(107, 142)","(117, 143)","(127, 140)","(136, 136)","(50, 93)","(59, 87)","(70, 86)","(82, 92)","(71, 94)","(60, 95)","(134, 86)","(142, 78)","(154, 76)","(165, 79)","(156, 84)","(145, 85)","(91, 171)","(101, 162)","(112, 156)","(121, 157)","(130, 154)","(144, 157)","(158, 164)","(148, 173)","(136, 178)","(126, 180)","(116, 180)","(104, 178)","(96, 170)","(113, 166)","(123, 166)","(132, 164)","(153, 164)","(134, 165)","(124, 167)","(115, 167)",pkibzvng_5.png,disgust
"(17, 89)","(17, 111)","(20, 133)","(25, 153)","(34, 172)","(48, 189)","(66, 202)","(84, 212)","(105, 217)","(126, 214)","(148, 205)","(167, 191)","(183, 173)","(194, 151)","(200, 128)","(203, 103)","(205, 79)","(27, 71)","(37, 59)","(53, 55)","(70, 56)","(87, 61)","(117, 61)","(134, 55)","(153, 52)","(172, 57)","(185, 68)","(102, 83)","(101, 96)","(101, 108)","(100, 121)","(85, 136)","(94, 137)","(102, 138)","(111, 137)","(120, 136)","(44, 90)","(55, 86)","(67, 85)","(78, 91)","(67, 94)","(55, 94)","(130, 90)","(141, 84)","(154, 85)","(166, 88)","(154, 93)","(141, 93)","(75, 168)","(84, 159)","(95, 153)","(102, 155)","(110, 153)","(123, 159)","(136, 169)","(124, 180)","(112, 184)","(103, 185)","(95, 184)","(85, 179)","(81, 168)","(95, 164)","(103, 164)","(111, 164)","(130, 169)","(111, 171)","(103, 172)","(95, 171)",rhsixrcv_5.png,disgust
"(27, 69)","(24, 92)","(25, 114)","(30, 136)","(38, 157)","(50, 176)","(64, 194)","(80, 208)","(100, 214)","(120, 213)","(140, 205)","(159, 192)","(177, 176)","(190, 155)","(199, 132)","(206, 108)","(209, 83)","(43, 61)","(56, 55)","(71, 57)","(85, 62)","(99, 70)","(124, 72)","(142, 66)","(160, 63)","(178, 65)","(193, 74)","(111, 89)","(108, 103)","(106, 118)","(103, 134)","(86, 143)","(95, 145)","(104, 147)","(114, 146)","(124, 145)","(56, 82)","(66, 79)","(78, 80)","(87, 88)","(76, 90)","(64, 89)","(138, 92)","(149, 85)","(161, 86)","(172, 90)","(161, 95)","(149, 95)","(75, 169)","(85, 165)","(95, 161)","(103, 164)","(111, 162)","(123, 166)","(136, 173)","(124, 183)","(113, 187)","(103, 188)","(94, 186)","(85, 180)","(80, 170)","(95, 170)","(103, 172)","(111, 171)","(131, 172)","(113, 173)","(104, 173)","(96, 171)",ybayjnlx_5.png,disgust
"(36, 90)","(36, 115)","(37, 139)","(42, 162)","(52, 184)","(67, 201)","(86, 214)","(109, 222)","(130, 224)","(150, 224)","(168, 215)","(183, 202)","(194, 185)","(203, 166)","(210, 147)","(214, 126)","(214, 105)","(65, 72)","(82, 63)","(102, 62)","(120, 66)","(137, 74)","(164, 75)","(179, 68)","(193, 65)","(205, 67)","(214, 76)","(149, 91)","(150, 104)","(152, 116)","(153, 129)","(129, 143)","(138, 146)","(146, 148)","(155, 148)","(162, 146)","(82, 92)","(94, 87)","(107, 87)","(118, 95)","(106, 97)","(93, 97)","(167, 96)","(178, 90)","(189, 90)","(198, 96)","(190, 100)","(178, 99)","(107, 177)","(123, 167)","(137, 163)","(145, 166)","(152, 164)","(161, 171)","(166, 182)","(157, 186)","(148, 189)","(139, 189)","(131, 187)","(119, 183)","(113, 176)","(135, 173)","(143, 175)","(151, 175)","(161, 181)","(149, 176)","(141, 176)","(133, 175)",eifjdkgn_5.png,disgust
"(51, 88)","(49, 112)","(47, 135)","(49, 158)","(55, 180)","(66, 198)","(83, 212)","(101, 221)","(121, 224)","(141, 222)","(158, 214)","(172, 203)","(184, 188)","(193, 171)","(200, 154)","(204, 136)","(207, 118)","(70, 79)","(86, 71)","(105, 71)","(123, 76)","(140, 85)","(165, 89)","(178, 85)","(192, 83)","(205, 84)","(212, 94)","(149, 98)","(148, 112)","(148, 126)","(147, 140)","(122, 147)","(131, 149)","(140, 152)","(148, 151)","(155, 150)","(85, 92)","(96, 87)","(108, 89)","(117, 98)","(105, 98)","(93, 96)","(165, 103)","(177, 96)","(188, 97)","(196, 104)","(186, 106)","(175, 105)","(90, 173)","(107, 167)","(124, 164)","(134, 167)","(143, 165)","(153, 169)","(159, 175)","(149, 185)","(137, 189)","(128, 190)","(117, 188)","(103, 183)","(95, 174)","(121, 171)","(132, 172)","(140, 171)","(156, 175)","(140, 179)","(131, 180)","(120, 179)",sgeguwoj_5.png,disgust
"(25, 77)","(22, 99)","(20, 121)","(22, 143)","(30, 163)","(44, 179)","(60, 192)","(77, 203)","(96, 207)","(114, 206)","(130, 197)","(147, 186)","(163, 172)","(176, 155)","(186, 137)","(192, 118)","(196, 96)","(46, 75)","(63, 68)","(83, 70)","(102, 76)","(120, 83)","(141, 84)","(157, 79)","(173, 76)","(189, 75)","(200, 83)","(128, 96)","(127, 112)","(127, 127)","(126, 143)","(99, 148)","(110, 151)","(120, 155)","(130, 153)","(139, 151)","(62, 89)","(74, 86)","(87, 87)","(96, 95)","(84, 96)","(72, 94)","(148, 98)","(159, 91)","(170, 91)","(179, 94)","(170, 99)","(159, 99)","(76, 169)","(92, 166)","(106, 164)","(115, 167)","(123, 165)","(133, 169)","(141, 173)","(128, 181)","(117, 185)","(108, 186)","(99, 184)","(88, 179)","(82, 169)","(105, 172)","(113, 174)","(121, 173)","(135, 173)","(119, 172)","(111, 173)","(102, 172)",plokjhnb_5.png,disgust
"(27, 56)","(24, 81)","(20, 107)","(21, 134)","(29, 158)","(43, 179)","(62, 195)","(84, 205)","(107, 210)","(128, 208)","(146, 200)","(162, 188)","(176, 172)","(187, 154)","(194, 135)","(200, 115)","(203, 94)","(66, 55)","(84, 47)","(104, 46)","(123, 51)","(140, 59)","(157, 63)","(171, 60)","(186, 59)","(199, 62)","(206, 73)","(142, 81)","(141, 94)","(140, 107)","(139, 121)","(113, 131)","(123, 133)","(132, 137)","(141, 136)","(151, 135)","(80, 74)","(92, 72)","(104, 73)","(112, 81)","(101, 81)","(90, 80)","(161, 87)","(171, 81)","(182, 83)","(189, 89)","(180, 91)","(170, 90)","(89, 159)","(105, 152)","(120, 149)","(128, 152)","(136, 150)","(145, 157)","(150, 165)","(140, 176)","(130, 181)","(121, 181)","(111, 179)","(100, 171)","(95, 159)","(117, 159)","(126, 161)","(134, 161)","(146, 165)","(132, 167)","(124, 168)","(115, 166)",qifqzjlt_5.png,disgust
"(30, 85)","(28, 107)","(30, 128)","(33, 150)","(41, 170)","(54, 188)","(71, 202)","(90, 213)","(112, 217)","(133, 214)","(151, 203)","(168, 189)","(182, 171)","(193, 152)","(202, 132)","(208, 111)","(209, 89)","(43, 69)","(59, 61)","(78, 60)","(97, 64)","(115, 70)","(139, 69)","(156, 62)","(174, 59)","(192, 59)","(206, 68)","(126, 85)","(127, 99)","(127, 114)","(128, 129)","(105, 140)","(115, 143)","(125, 146)","(134, 143)","(143, 141)","(59, 84)","(71, 78)","(84, 79)","(96, 88)","(83, 90)","(69, 90)","(151, 89)","(163, 79)","(177, 78)","(188, 85)","(178, 90)","(164, 90)","(85, 169)","(100, 161)","(114, 156)","(122, 159)","(131, 157)","(142, 162)","(151, 170)","(139, 180)","(128, 184)","(119, 185)","(109, 184)","(97, 180)","(91, 169)","(112, 166)","(122, 168)","(130, 167)","(146, 170)","(129, 170)","(120, 170)","(111, 170)",qsfjdkla_5.png,disgust
"(14, 81)","(13, 103)","(15, 124)","(18, 146)","(25, 167)","(39, 187)","(57, 203)","(78, 216)","(103, 219)","(128, 217)","(152, 207)","(172, 193)","(188, 176)","(197, 156)","(201, 135)","(203, 114)","(202, 92)","(32, 64)","(45, 55)","(62, 53)","(79, 56)","(95, 64)","(119, 65)","(133, 59)","(150, 58)","(165, 60)","(178, 69)","(107, 82)","(107, 94)","(106, 106)","(106, 119)","(89, 133)","(97, 134)","(105, 136)","(114, 135)","(122, 134)","(50, 82)","(61, 78)","(72, 79)","(81, 85)","(71, 87)","(60, 86)","(132, 87)","(141, 82)","(152, 82)","(162, 87)","(153, 90)","(142, 89)","(72, 165)","(82, 153)","(95, 146)","(104, 149)","(113, 147)","(126, 155)","(136, 170)","(125, 181)","(112, 185)","(102, 185)","(93, 184)","(81, 178)","(79, 165)","(95, 161)","(104, 162)","(113, 161)","(130, 168)","(112, 168)","(103, 168)","(94, 167)",mkvyxwhz_5.png,disgust
"(22, 95)","(22, 116)","(26, 138)","(33, 159)","(43, 178)","(56, 194)","(73, 205)","(91, 213)","(111, 215)","(130, 213)","(147, 203)","(164, 190)","(177, 174)","(188, 155)","(196, 136)","(200, 116)","(201, 95)","(34, 78)","(50, 70)","(70, 71)","(88, 75)","(106, 82)","(130, 82)","(147, 77)","(164, 73)","(181, 73)","(196, 80)","(116, 95)","(116, 111)","(116, 126)","(115, 142)","(96, 151)","(104, 153)","(114, 155)","(123, 152)","(133, 150)","(51, 92)","(62, 86)","(76, 87)","(87, 98)","(74, 100)","(61, 99)","(142, 97)","(153, 88)","(167, 87)","(177, 93)","(168, 99)","(154, 99)","(79, 178)","(92, 170)","(105, 165)","(113, 168)","(121, 165)","(132, 170)","(143, 178)","(131, 187)","(120, 193)","(111, 194)","(102, 193)","(91, 188)","(85, 178)","(104, 175)","(113, 176)","(121, 175)","(137, 178)","(121, 178)","(112, 180)","(104, 179)",jqcncmxy_5.png,disgust
"(16, 91)","(17, 113)","(20, 136)","(26, 157)","(35, 177)","(51, 193)","(70, 205)","(91, 214)","(113, 216)","(134, 212)","(153, 200)","(170, 186)","(182, 169)","(190, 149)","(194, 128)","(197, 107)","(197, 85)","(29, 72)","(44, 61)","(62, 59)","(81, 61)","(99, 67)","(116, 66)","(133, 62)","(151, 60)","(168, 61)","(181, 71)","(109, 83)","(109, 96)","(109, 109)","(110, 122)","(91, 136)","(100, 137)","(110, 138)","(119, 136)","(128, 135)","(47, 88)","(58, 84)","(70, 84)","(80, 89)","(69, 91)","(58, 91)","(134, 88)","(144, 83)","(155, 84)","(165, 87)","(155, 91)","(144, 91)","(80, 168)","(91, 157)","(103, 150)","(111, 152)","(120, 149)","(131, 155)","(141, 166)","(132, 176)","(122, 182)","(113, 183)","(103, 183)","(92, 179)","(86, 168)","(103, 161)","(111, 161)","(120, 160)","(135, 165)","(121, 168)","(112, 169)","(103, 168)",bucdnkia_5.png,disgust
"(11, 112)","(17, 128)","(25, 145)","(36, 161)","(49, 176)","(64, 188)","(80, 199)","(96, 208)","(114, 209)","(134, 204)","(155, 192)","(174, 178)","(188, 161)","(196, 139)","(195, 116)","(190, 93)","(185, 70)","(3, 88)","(10, 82)","(21, 81)","(34, 83)","(47, 86)","(71, 81)","(87, 72)","(106, 65)","(126, 63)","(145, 67)","(65, 98)","(65, 112)","(65, 126)","(66, 140)","(62, 149)","(69, 151)","(77, 151)","(86, 148)","(94, 146)","(22, 102)","(29, 96)","(40, 95)","(51, 101)","(41, 105)","(30, 106)","(98, 94)","(106, 85)","(119, 82)","(132, 85)","(124, 93)","(111, 95)","(69, 175)","(70, 168)","(76, 163)","(83, 164)","(91, 161)","(106, 164)","(125, 169)","(114, 177)","(102, 182)","(93, 183)","(85, 183)","(77, 180)","(73, 174)","(79, 171)","(86, 171)","(94, 170)","(119, 169)","(97, 170)","(89, 172)","(81, 171)",uhjxejjo_5.png,disgust
"(19, 78)","(18, 102)","(21, 124)","(27, 145)","(38, 164)","(53, 180)","(70, 194)","(87, 205)","(104, 209)","(121, 208)","(138, 198)","(154, 186)","(168, 171)","(180, 153)","(188, 133)","(195, 111)","(197, 87)","(37, 71)","(52, 65)","(69, 65)","(87, 68)","(103, 77)","(133, 79)","(148, 72)","(165, 68)","(181, 70)","(193, 78)","(115, 94)","(113, 110)","(112, 126)","(111, 143)","(94, 149)","(102, 151)","(110, 154)","(119, 152)","(127, 150)","(52, 88)","(64, 83)","(78, 83)","(88, 94)","(76, 96)","(62, 95)","(139, 96)","(151, 86)","(165, 86)","(175, 92)","(165, 99)","(152, 98)","(80, 175)","(91, 168)","(102, 163)","(110, 166)","(117, 163)","(128, 168)","(138, 175)","(128, 184)","(118, 189)","(109, 190)","(101, 189)","(91, 184)","(85, 174)","(102, 173)","(109, 174)","(117, 172)","(134, 174)","(118, 174)","(110, 175)","(102, 174)",ovjnukad_5.png,disgust
"(31, 79)","(27, 101)","(25, 122)","(25, 143)","(30, 164)","(42, 181)","(58, 193)","(77, 203)","(97, 208)","(117, 208)","(137, 202)","(155, 192)","(171, 179)","(183, 163)","(192, 146)","(200, 129)","(204, 109)","(45, 68)","(62, 61)","(82, 61)","(102, 65)","(120, 73)","(145, 77)","(163, 73)","(181, 73)","(198, 77)","(208, 88)","(128, 93)","(126, 106)","(124, 120)","(122, 133)","(99, 142)","(108, 145)","(117, 148)","(127, 147)","(136, 146)","(59, 87)","(73, 83)","(86, 85)","(96, 94)","(83, 95)","(70, 93)","(153, 100)","(166, 94)","(179, 96)","(188, 102)","(177, 106)","(164, 104)","(75, 167)","(91, 161)","(105, 157)","(114, 160)","(122, 159)","(133, 165)","(142, 173)","(129, 180)","(118, 182)","(109, 182)","(99, 181)","(87, 176)","(81, 167)","(103, 167)","(112, 169)","(120, 169)","(137, 172)","(120, 169)","(111, 169)","(102, 168)",caxtwxim_5.png,disgust
"(25, 67)","(20, 90)","(17, 113)","(17, 136)","(23, 159)","(36, 177)","(54, 192)","(74, 204)","(94, 210)","(114, 209)","(131, 200)","(148, 188)","(162, 174)","(174, 158)","(184, 142)","(190, 125)","(193, 107)","(56, 57)","(75, 51)","(94, 53)","(113, 59)","(129, 70)","(162, 77)","(176, 73)","(189, 72)","(201, 74)","(207, 82)","(141, 91)","(141, 103)","(141, 114)","(141, 126)","(114, 135)","(122, 138)","(130, 141)","(138, 141)","(145, 140)","(69, 80)","(82, 75)","(97, 78)","(107, 89)","(93, 90)","(79, 88)","(156, 97)","(169, 90)","(182, 92)","(190, 100)","(180, 104)","(168, 102)","(83, 162)","(101, 155)","(117, 151)","(124, 154)","(131, 153)","(138, 160)","(142, 171)","(132, 182)","(123, 187)","(115, 186)","(107, 184)","(94, 177)","(90, 163)","(114, 162)","(122, 164)","(128, 164)","(136, 170)","(126, 170)","(119, 170)","(112, 169)",raqkygyb_5.png,disgust
"(24, 103)","(26, 124)","(30, 143)","(38, 161)","(50, 178)","(66, 191)","(83, 202)","(101, 210)","(120, 211)","(139, 208)","(158, 196)","(175, 182)","(189, 165)","(197, 144)","(202, 122)","(203, 100)","(202, 76)","(27, 92)","(39, 85)","(56, 85)","(73, 88)","(89, 92)","(114, 87)","(131, 79)","(149, 73)","(169, 71)","(185, 76)","(105, 101)","(105, 115)","(106, 130)","(106, 145)","(91, 152)","(100, 155)","(110, 156)","(119, 153)","(128, 150)","(46, 102)","(57, 98)","(69, 97)","(81, 104)","(69, 106)","(57, 107)","(132, 99)","(143, 90)","(155, 88)","(168, 91)","(157, 97)","(144, 100)","(82, 175)","(92, 169)","(103, 165)","(111, 167)","(119, 164)","(132, 166)","(146, 170)","(135, 178)","(124, 183)","(115, 185)","(106, 184)","(95, 182)","(87, 174)","(104, 173)","(113, 174)","(121, 171)","(140, 170)","(122, 172)","(113, 173)","(105, 173)",kfwydoki_5.png,disgust
"(24, 104)","(28, 125)","(36, 144)","(44, 161)","(55, 179)","(69, 192)","(87, 203)","(107, 209)","(127, 210)","(147, 206)","(166, 197)","(182, 184)","(194, 168)","(200, 147)","(201, 125)","(201, 104)","(199, 82)","(22, 88)","(34, 79)","(51, 77)","(68, 78)","(86, 84)","(114, 80)","(131, 71)","(149, 66)","(168, 65)","(185, 72)","(103, 95)","(104, 109)","(104, 124)","(105, 138)","(94, 148)","(101, 150)","(110, 151)","(119, 147)","(127, 145)","(42, 100)","(52, 94)","(66, 92)","(79, 100)","(66, 105)","(53, 106)","(132, 95)","(143, 85)","(158, 83)","(170, 89)","(160, 96)","(146, 98)","(87, 177)","(96, 166)","(105, 160)","(114, 161)","(122, 159)","(136, 164)","(151, 172)","(139, 180)","(127, 184)","(118, 185)","(109, 185)","(98, 183)","(92, 176)","(107, 170)","(115, 170)","(124, 168)","(145, 172)","(125, 170)","(116, 171)","(108, 171)",poyghfam_5.png,disgust
"(37, 93)","(33, 116)","(32, 139)","(34, 162)","(44, 183)","(59, 198)","(77, 208)","(97, 214)","(117, 215)","(135, 212)","(150, 203)","(165, 191)","(179, 176)","(190, 159)","(198, 142)","(203, 124)","(204, 105)","(61, 76)","(77, 68)","(97, 66)","(117, 69)","(135, 76)","(161, 79)","(175, 73)","(189, 70)","(202, 70)","(211, 78)","(144, 96)","(145, 110)","(146, 124)","(148, 139)","(119, 150)","(130, 151)","(140, 153)","(150, 151)","(159, 149)","(74, 93)","(87, 87)","(100, 88)","(112, 98)","(98, 100)","(85, 99)","(163, 99)","(174, 89)","(186, 89)","(195, 95)","(186, 100)","(174, 100)","(93, 176)","(112, 169)","(128, 163)","(138, 166)","(145, 163)","(154, 167)","(161, 173)","(150, 184)","(140, 190)","(132, 191)","(122, 191)","(107, 187)","(99, 176)","(126, 173)","(136, 174)","(143, 172)","(156, 173)","(142, 175)","(134, 177)","(125, 177)",qxghnbno_5.png,disgust
"(25, 77)","(23, 100)","(22, 122)","(23, 144)","(32, 166)","(48, 182)","(68, 194)","(90, 203)","(111, 205)","(130, 204)","(147, 195)","(164, 184)","(178, 171)","(188, 155)","(196, 139)","(200, 122)","(203, 104)","(52, 75)","(71, 68)","(93, 67)","(113, 72)","(133, 80)","(154, 82)","(170, 77)","(186, 75)","(200, 76)","(210, 85)","(140, 96)","(140, 108)","(140, 121)","(140, 134)","(114, 143)","(124, 146)","(133, 148)","(142, 147)","(150, 145)","(69, 92)","(83, 88)","(96, 89)","(107, 97)","(94, 98)","(80, 97)","(159, 100)","(171, 93)","(183, 95)","(192, 99)","(183, 103)","(171, 103)","(88, 168)","(106, 162)","(122, 157)","(130, 160)","(137, 158)","(146, 163)","(154, 171)","(143, 177)","(133, 180)","(125, 181)","(116, 181)","(102, 177)","(95, 168)","(119, 167)","(128, 168)","(136, 167)","(149, 170)","(135, 168)","(127, 168)","(118, 168)",giyhskla_5.png,disgust
"(-5, 107)","(0, 128)","(9, 149)","(20, 167)","(35, 185)","(54, 198)","(75, 208)","(97, 215)","(119, 214)","(141, 209)","(162, 196)","(179, 180)","(191, 160)","(194, 137)","(192, 112)","(188, 88)","(181, 64)","(-5, 81)","(6, 72)","(22, 70)","(38, 70)","(55, 74)","(78, 71)","(94, 61)","(113, 54)","(133, 51)","(152, 56)","(71, 89)","(72, 105)","(73, 121)","(74, 138)","(65, 149)","(74, 150)","(84, 151)","(94, 147)","(104, 143)","(16, 96)","(25, 89)","(38, 87)","(51, 95)","(40, 98)","(27, 99)","(104, 87)","(114, 76)","(128, 73)","(141, 77)","(131, 85)","(118, 87)","(68, 179)","(72, 169)","(81, 163)","(91, 165)","(99, 161)","(116, 165)","(135, 171)","(124, 180)","(111, 186)","(101, 187)","(91, 187)","(79, 184)","(73, 177)","(84, 173)","(94, 173)","(103, 171)","(129, 171)","(106, 172)","(97, 173)","(87, 173)",wdkmpoei_5.png,disgust
"(26, 79)","(23, 102)","(22, 125)","(22, 148)","(29, 169)","(42, 186)","(60, 198)","(79, 206)","(101, 209)","(121, 207)","(139, 198)","(156, 186)","(171, 170)","(183, 153)","(193, 134)","(201, 115)","(205, 95)","(45, 71)","(61, 61)","(82, 59)","(103, 62)","(123, 69)","(144, 72)","(163, 66)","(181, 65)","(199, 66)","(209, 79)","(130, 87)","(130, 102)","(129, 118)","(129, 133)","(103, 142)","(113, 144)","(123, 147)","(134, 146)","(143, 144)","(61, 84)","(74, 80)","(87, 81)","(98, 89)","(85, 90)","(72, 89)","(154, 91)","(166, 83)","(179, 83)","(189, 88)","(179, 93)","(166, 93)","(77, 169)","(94, 162)","(110, 157)","(120, 160)","(129, 158)","(140, 163)","(148, 170)","(136, 178)","(125, 182)","(114, 183)","(103, 182)","(90, 178)","(82, 169)","(108, 167)","(118, 168)","(128, 167)","(143, 170)","(126, 167)","(116, 169)","(106, 168)",vylbokkz_5.png,disgust
"(17, 95)","(17, 117)","(21, 137)","(27, 156)","(35, 176)","(50, 192)","(69, 203)","(89, 212)","(111, 214)","(133, 210)","(154, 201)","(173, 189)","(188, 174)","(197, 154)","(200, 133)","(201, 113)","(199, 91)","(20, 80)","(33, 68)","(52, 66)","(72, 69)","(91, 75)","(112, 74)","(131, 68)","(151, 66)","(170, 67)","(185, 76)","(102, 89)","(101, 103)","(100, 117)","(100, 132)","(83, 144)","(92, 145)","(102, 147)","(112, 145)","(123, 143)","(39, 92)","(50, 87)","(63, 87)","(75, 95)","(63, 96)","(50, 96)","(132, 94)","(143, 86)","(157, 86)","(168, 90)","(158, 95)","(145, 95)","(70, 170)","(82, 162)","(94, 157)","(104, 159)","(113, 157)","(127, 162)","(143, 170)","(129, 178)","(116, 182)","(106, 183)","(96, 182)","(83, 179)","(76, 169)","(95, 167)","(104, 168)","(114, 167)","(137, 170)","(115, 168)","(105, 169)","(95, 168)",plmknzcv_5.png,disgust
